{
    "mean_squared_error": 362.95694853136047,
    "r2_score": 0.9671584577941453
}